<?xml version = '1.0' encoding = 'UTF-8'?>
<Entity class="oracle.dbtools.crest.model.design.logical.Entity" directorySegmentName="seg_0" id="40F3F655-7003-9A82-522F-B8EF74BD8913" name="categorÃ­a">
<createdBy>Usuario</createdBy>
<createdTime>2025-04-04 19:06:18 UTC</createdTime>
<generatorID>D8032753-C7B9-FAA1-9CCA-56B7A14062F3</generatorID>
<ownerDesignName>diagrama</ownerDesignName>
<engineerTo>
<item key="66921927-5BD4-5B09-809C-94BD9D14A286" value="true"/>
</engineerTo>
<adequatelyNormalized>NO</adequatelyNormalized>
<expectedVolumes>0</expectedVolumes>
<fwdEngineeringStrategyName>Single Table</fwdEngineeringStrategyName>
<growthPercent>0</growthPercent>
<growthType>Year</growthType>
<maxVolumes>9999999</maxVolumes>
<minVolumes>0</minVolumes>
<normalForm>Third</normalForm>
<attributes itemClass="oracle.dbtools.crest.model.design.logical.Attribute">
<Attribute name="id" id="9A24F5C4-0F8D-8156-9CA9-556D6242237D">
<createdBy>Usuario</createdBy>
<createdTime>2025-04-04 19:06:18 UTC</createdTime>
<generatorID>ED41AFF1-DCF8-5F7C-8D1B-A356FB10F164</generatorID>
<ownerDesignName>diagrama</ownerDesignName>
<engineerTo>
<item key="66921927-5BD4-5B09-809C-94BD9D14A286" value="true"/>
</engineerTo>
<use>0</use>
<logicalDatatype>LOGDT011</logicalDatatype>
<domain>A247AEC6-A7B9-BDB9-845C-FE6D53EF236C</domain>
<ownDataTypeParameters>,,</ownDataTypeParameters>
</Attribute>
<Attribute name="nombre" id="98E21CFC-6E97-28F8-3D2C-FC16C530569C">
<createdBy>Usuario</createdBy>
<createdTime>2025-04-04 19:06:18 UTC</createdTime>
<generatorID>8A8BD34D-2758-367E-C651-24AB56018C7D</generatorID>
<ownerDesignName>diagrama</ownerDesignName>
<engineerTo>
<item key="66921927-5BD4-5B09-809C-94BD9D14A286" value="true"/>
</engineerTo>
<use>0</use>
<logicalDatatype>LOGDT024</logicalDatatype>
<domain>DB931ED2-0477-9B9C-C659-81F6FCDA38F4</domain>
<ownDataTypeParameters>,,</ownDataTypeParameters>
</Attribute>
<Attribute name="cuenta id" id="965A1F0A-116C-6130-BB5E-CE4131A2DBBA">
<createdBy>Usuario</createdBy>
<createdTime>2025-04-04 19:06:18 UTC</createdTime>
<generatorID>1FF3E0DF-0868-FF28-C16A-EDA35C49242A</generatorID>
<ownerDesignName>diagrama</ownerDesignName>
<engineerTo>
<item key="66921927-5BD4-5B09-809C-94BD9D14A286" value="true"/>
</engineerTo>
<referedAttribute>AE9E349C-02EF-5C20-5432-DAFDB3B49AC3</referedAttribute>
<use>0</use>
<logicalDatatype>LOGDT011</logicalDatatype>
<domain>A247AEC6-A7B9-BDB9-845C-FE6D53EF236C</domain>
<ownDataTypeParameters>,,</ownDataTypeParameters>
</Attribute>
</attributes>
<identifiers itemClass="oracle.dbtools.crest.model.design.logical.CandidateKey">
<identifier id="A19E05B6-CA34-52D8-C16D-77285BDABF20" name="categorÃ­a pk">
<createdBy>Usuario</createdBy>
<createdTime>2025-04-04 19:06:18 UTC</createdTime>
<generatorID>ABC7CFDF-1DB9-C27B-8327-7168B3A68356</generatorID>
<ownerDesignName>diagrama</ownerDesignName>
<engineerTo>
<item key="66921927-5BD4-5B09-809C-94BD9D14A286" value="true"/>
</engineerTo>
<pk>true</pk>
<usedAttributes>
<attributeRef>9A24F5C4-0F8D-8156-9CA9-556D6242237D</attributeRef>
<attributeRef>965A1F0A-116C-6130-BB5E-CE4131A2DBBA</attributeRef>
</usedAttributes>
</identifier>
</identifiers>
</Entity>