<?xml version = '1.0' encoding = 'UTF-8'?>
<Entity class="oracle.dbtools.crest.model.design.logical.Entity" directorySegmentName="seg_0" id="A7316746-A7B8-E2F4-19C8-0EF07725AF15" name="cuenta">
<createdBy>Usuario</createdBy>
<createdTime>2025-04-04 19:06:18 UTC</createdTime>
<generatorID>051029DF-7ACB-7B4E-7AC8-A438810849A8</generatorID>
<ownerDesignName>diagrama</ownerDesignName>
<engineerTo>
<item key="66921927-5BD4-5B09-809C-94BD9D14A286" value="true"/>
</engineerTo>
<adequatelyNormalized>NO</adequatelyNormalized>
<expectedVolumes>0</expectedVolumes>
<fwdEngineeringStrategyName>Single Table</fwdEngineeringStrategyName>
<growthPercent>0</growthPercent>
<growthType>Year</growthType>
<maxVolumes>9999999</maxVolumes>
<minVolumes>0</minVolumes>
<normalForm>Third</normalForm>
<attributes itemClass="oracle.dbtools.crest.model.design.logical.Attribute">
<Attribute name="id" id="AE9E349C-02EF-5C20-5432-DAFDB3B49AC3">
<createdBy>Usuario</createdBy>
<createdTime>2025-04-04 19:06:18 UTC</createdTime>
<generatorID>A9157F3C-9140-0F9B-6099-CBDB4E94E5EA</generatorID>
<ownerDesignName>diagrama</ownerDesignName>
<engineerTo>
<item key="66921927-5BD4-5B09-809C-94BD9D14A286" value="true"/>
</engineerTo>
<use>0</use>
<logicalDatatype>LOGDT011</logicalDatatype>
<domain>A247AEC6-A7B9-BDB9-845C-FE6D53EF236C</domain>
<ownDataTypeParameters>,,</ownDataTypeParameters>
</Attribute>
<Attribute name="nombre" id="235BE231-A602-101E-E16C-ABD63F357D2B">
<createdBy>Usuario</createdBy>
<createdTime>2025-04-04 19:06:18 UTC</createdTime>
<generatorID>85C676A7-4BC6-C6D8-9BB1-D82FC54DD6BC</generatorID>
<ownerDesignName>diagrama</ownerDesignName>
<engineerTo>
<item key="66921927-5BD4-5B09-809C-94BD9D14A286" value="true"/>
</engineerTo>
<use>0</use>
<logicalDatatype>LOGDT024</logicalDatatype>
<domain>DB931ED2-0477-9B9C-C659-81F6FCDA38F4</domain>
<ownDataTypeParameters>,,</ownDataTypeParameters>
</Attribute>
<Attribute name="direccionfiscal" id="54FD405F-77C9-5760-7771-40118D957DC9">
<createdBy>Usuario</createdBy>
<createdTime>2025-04-04 19:06:18 UTC</createdTime>
<generatorID>CA82513B-005B-F932-F974-D406F5C4640C</generatorID>
<ownerDesignName>diagrama</ownerDesignName>
<engineerTo>
<item key="66921927-5BD4-5B09-809C-94BD9D14A286" value="true"/>
</engineerTo>
<use>0</use>
<logicalDatatype>LOGDT024</logicalDatatype>
<domain>DB931ED2-0477-9B9C-C659-81F6FCDA38F4</domain>
<ownDataTypeParameters>,,</ownDataTypeParameters>
</Attribute>
<Attribute name="nif" id="6689184B-584D-B212-F43E-E71146D112CA">
<createdBy>Usuario</createdBy>
<createdTime>2025-04-04 19:06:18 UTC</createdTime>
<generatorID>C16C0D24-B286-0958-7DB5-E8A2D4EC35B3</generatorID>
<ownerDesignName>diagrama</ownerDesignName>
<engineerTo>
<item key="66921927-5BD4-5B09-809C-94BD9D14A286" value="true"/>
</engineerTo>
<use>0</use>
<logicalDatatype>LOGDT024</logicalDatatype>
<domain>C59763E7-A27C-736D-20C4-F6345B3F74CF</domain>
<ownDataTypeParameters>,,</ownDataTypeParameters>
</Attribute>
<Attribute name="fechaalta" id="B457AD19-ED38-E236-36E2-9F8C19B8852E">
<createdBy>Usuario</createdBy>
<createdTime>2025-04-04 19:06:18 UTC</createdTime>
<generatorID>E016A5E5-A30A-515C-2BA8-25852F01AFE6</generatorID>
<ownerDesignName>diagrama</ownerDesignName>
<engineerTo>
<item key="66921927-5BD4-5B09-809C-94BD9D14A286" value="true"/>
</engineerTo>
<use>0</use>
<logicalDatatype>LOGDT007</logicalDatatype>
<domain>4C837798-8403-6D02-4692-B03904B98441</domain>
<ownDataTypeParameters>,,</ownDataTypeParameters>
</Attribute>
<Attribute name="usuario id" id="5714BD4E-B0BA-C936-2474-027F9141D502">
<createdBy>Usuario</createdBy>
<createdTime>2025-04-04 19:06:18 UTC</createdTime>
<generatorID>76B665BF-F732-3CDE-0D84-D7F4D64FA7E1</generatorID>
<ownerDesignName>diagrama</ownerDesignName>
<engineerTo>
<item key="66921927-5BD4-5B09-809C-94BD9D14A286" value="true"/>
</engineerTo>
<nullsAllowed>true</nullsAllowed>
<referedAttribute>45BD2FE1-8861-F427-46D5-8FE1E808CB49</referedAttribute>
<use>0</use>
<logicalDatatype>LOGDT011</logicalDatatype>
<domain>A247AEC6-A7B9-BDB9-845C-FE6D53EF236C</domain>
<ownDataTypeParameters>,,</ownDataTypeParameters>
</Attribute>
<Attribute name="plan id" id="F67556C2-5047-1D5B-BC9F-583071EF5BF4">
<createdBy>Usuario</createdBy>
<createdTime>2025-04-04 19:06:18 UTC</createdTime>
<generatorID>8D736DE1-B922-14AC-7E96-7C23BCAB7E04</generatorID>
<ownerDesignName>diagrama</ownerDesignName>
<engineerTo>
<item key="66921927-5BD4-5B09-809C-94BD9D14A286" value="true"/>
</engineerTo>
<referedAttribute>C05E933C-5911-6751-D712-3BF99475AEBC</referedAttribute>
<use>0</use>
<logicalDatatype>LOGDT011</logicalDatatype>
<domain>A247AEC6-A7B9-BDB9-845C-FE6D53EF236C</domain>
<ownDataTypeParameters>,,</ownDataTypeParameters>
</Attribute>
</attributes>
<identifiers itemClass="oracle.dbtools.crest.model.design.logical.CandidateKey">
<identifier id="37EBCD65-31CC-C674-F87C-B0FAA21E5308" name="cuenta pk">
<createdBy>Usuario</createdBy>
<createdTime>2025-04-04 19:06:18 UTC</createdTime>
<generatorID>F2586E4B-5DEB-A84E-6A44-A2756BFA1785</generatorID>
<ownerDesignName>diagrama</ownerDesignName>
<engineerTo>
<item key="66921927-5BD4-5B09-809C-94BD9D14A286" value="true"/>
</engineerTo>
<pk>true</pk>
<usedAttributes>
<attributeRef>AE9E349C-02EF-5C20-5432-DAFDB3B49AC3</attributeRef>
</usedAttributes>
</identifier>
</identifiers>
</Entity>