<?xml version = '1.0' encoding = 'UTF-8'?>
<FKIndexAssociation class="oracle.dbtools.crest.model.design.relational.FKIndexAssociation" directorySegmentName="seg_0" id="0A979075-24AD-4AF9-058A-9B5F47FFC3AB" containerWithKeyObject="0DF2A54A-F2BA-AAAA-A803-E49D2DC9A322" localFKIndex="8628BA68-A34D-AB29-4126-52F7D8597B3A" name="atributo_producto_atributos_fk">
<sourceDDLFile>diagrama.sql</sourceDDLFile>
<createdBy>Usuario</createdBy>
<createdTime>2025-04-04 19:06:13 UTC</createdTime>
<ownerDesignName>diagrama</ownerDesignName>
<importedID>16B151A6-7B37-B9FC-7B65-C97624F7363D</importedID>
<referredTableLongName>atributos</referredTableLongName>
<deleteRule>NO ACTION</deleteRule>
<referredTableID>8563AC8C-372B-D738-B5F6-54BEA844450F</referredTableID>
<keyObject>095C2F30-771A-72AE-FB98-FF229BE022FD</keyObject>
<referredKeyID>095C2F30-771A-72AE-FB98-FF229BE022FD</referredKeyID>
<mandatory>true</mandatory>
<refColNames>id</refColNames>
<transferable>true</transferable>
<rely>false</rely>
<columnDependencyConstraintGenerateInDDL>true</columnDependencyConstraintGenerateInDDL>
</FKIndexAssociation>