<?xml version = '1.0' encoding = 'UTF-8'?>
<FKIndexAssociation class="oracle.dbtools.crest.model.design.relational.FKIndexAssociation" directorySegmentName="seg_0" id="1AC3F66B-1C8D-1E28-3EF4-A3E60EBFDF00" containerWithKeyObject="3C45E7A4-330C-A03F-5C0E-A10FD9F5D4EC" localFKIndex="0CDA9A2B-F9CC-BCB8-47DE-BC98F07B1A94" name="relation_4_activos_fk">
<sourceDDLFile>diagrama.sql</sourceDDLFile>
<createdBy>Usuario</createdBy>
<createdTime>2025-04-04 19:06:13 UTC</createdTime>
<ownerDesignName>diagrama</ownerDesignName>
<importedID>52DE3208-F1F5-1C64-B6C6-F33A6E751242</importedID>
<referredTableLongName>activos</referredTableLongName>
<deleteRule>NO ACTION</deleteRule>
<referredTableID>F2CF5323-F7B0-4FD6-7943-CAFCA8FBD38C</referredTableID>
<keyObject>4DF0661A-300B-2266-1ECA-6B47A71AC45B</keyObject>
<referredKeyID>4DF0661A-300B-2266-1ECA-6B47A71AC45B</referredKeyID>
<mandatory>true</mandatory>
<refColNames>id,cuenta_id</refColNames>
<transferable>true</transferable>
<rely>false</rely>
<columnDependencyConstraintGenerateInDDL>true</columnDependencyConstraintGenerateInDDL>
</FKIndexAssociation>