<?xml version = '1.0' encoding = 'UTF-8'?>
<FKIndexAssociation class="oracle.dbtools.crest.model.design.relational.FKIndexAssociation" directorySegmentName="seg_0" id="20E8B84A-F4EF-826E-9416-0E5DA487FEA2" containerWithKeyObject="F11BAF44-E93B-0EAB-791F-12A168E13DE5" localFKIndex="2CB13CF8-A624-EEF9-D263-B56CCE22141C" name="usuario_cuenta_fk">
<sourceDDLFile>diagrama.sql</sourceDDLFile>
<createdBy>Usuario</createdBy>
<createdTime>2025-04-04 19:06:13 UTC</createdTime>
<ownerDesignName>diagrama</ownerDesignName>
<importedID>FD02EDDA-8CC1-10BA-0A7A-647666A56C74</importedID>
<referredTableLongName>cuenta</referredTableLongName>
<deleteRule>NO ACTION</deleteRule>
<referredTableID>051029DF-7ACB-7B4E-7AC8-A438810849A8</referredTableID>
<keyObject>F2586E4B-5DEB-A84E-6A44-A2756BFA1785</keyObject>
<referredKeyID>F2586E4B-5DEB-A84E-6A44-A2756BFA1785</referredKeyID>
<mandatory>true</mandatory>
<refColNames>id</refColNames>
<transferable>true</transferable>
<rely>false</rely>
<columnDependencyConstraintGenerateInDDL>true</columnDependencyConstraintGenerateInDDL>
</FKIndexAssociation>