<?xml version = '1.0' encoding = 'UTF-8'?>
<FKIndexAssociation class="oracle.dbtools.crest.model.design.relational.FKIndexAssociation" directorySegmentName="seg_0" id="568B5C61-1183-720E-41FF-464C43C22D37" containerWithKeyObject="B82B251A-FAEA-39D0-0EAF-7BB62ECD621F" localFKIndex="BE6F9D46-8841-A24C-8791-9AC3FAF3FC4C" name="relacionado_producto_fk">
<sourceDDLFile>diagrama.sql</sourceDDLFile>
<createdBy>Usuario</createdBy>
<createdTime>2025-04-04 19:06:13 UTC</createdTime>
<ownerDesignName>diagrama</ownerDesignName>
<importedID>2C3446FE-177C-9580-AB12-83F3D47CD32B</importedID>
<referredTableLongName>producto</referredTableLongName>
<deleteRule>NO ACTION</deleteRule>
<referredTableID>46005D4C-2C0F-1440-BAF7-367796FADAAF</referredTableID>
<keyObject>37F0E7BF-162C-E29F-02C2-F462709E9023</keyObject>
<referredKeyID>37F0E7BF-162C-E29F-02C2-F462709E9023</referredKeyID>
<mandatory>true</mandatory>
<refColNames>gtin,cuenta_id</refColNames>
<transferable>true</transferable>
<rely>false</rely>
<columnDependencyConstraintGenerateInDDL>true</columnDependencyConstraintGenerateInDDL>
</FKIndexAssociation>