<?xml version = '1.0' encoding = 'UTF-8'?>
<FKIndexAssociation class="oracle.dbtools.crest.model.design.relational.FKIndexAssociation" directorySegmentName="seg_0" id="7B9C24BA-28A3-64B5-8E2F-B86FCE8D4721" containerWithKeyObject="BEAC7CB3-7AD5-FFD1-E592-47658C3178B6" localFKIndex="4F5CD3EE-AB30-5FC5-E377-9B13F56B2EAE" name="relation_16_cat_act_fk">
<sourceDDLFile>diagrama.sql</sourceDDLFile>
<createdBy>Usuario</createdBy>
<createdTime>2025-04-04 19:06:13 UTC</createdTime>
<ownerDesignName>diagrama</ownerDesignName>
<importedID>81A56D4C-FB71-B6EB-65FF-C40C8E7A1F1E</importedID>
<referredTableLongName>categoria_activos</referredTableLongName>
<deleteRule>NO ACTION</deleteRule>
<referredTableID>902D2E31-CA05-3300-DD08-CE224EBD034D</referredTableID>
<keyObject>80C7D6CE-1E99-E5D4-8784-7AF58DBAD008</keyObject>
<referredKeyID>80C7D6CE-1E99-E5D4-8784-7AF58DBAD008</referredKeyID>
<mandatory>true</mandatory>
<refColNames>id,cuenta_id</refColNames>
<transferable>true</transferable>
<rely>false</rely>
<columnDependencyConstraintGenerateInDDL>true</columnDependencyConstraintGenerateInDDL>
</FKIndexAssociation>