<?xml version = '1.0' encoding = 'UTF-8'?>
<FKIndexAssociation class="oracle.dbtools.crest.model.design.relational.FKIndexAssociation" directorySegmentName="seg_0" id="8DA907F0-7D1D-B8D5-3F2D-5E9C16155B49" containerWithKeyObject="0BA73696-B88E-8C2D-F1B9-CDC76526170F" localFKIndex="97A618CD-5CE2-3446-F0F6-4A836DB20504" name="relation_7_producto_fk">
<sourceDDLFile>diagrama.sql</sourceDDLFile>
<createdBy>Usuario</createdBy>
<createdTime>2025-04-04 19:06:13 UTC</createdTime>
<ownerDesignName>diagrama</ownerDesignName>
<importedID>B1A2D6B5-06E9-CEBC-D716-19B2265532CD</importedID>
<referredTableLongName>producto</referredTableLongName>
<deleteRule>NO ACTION</deleteRule>
<referredTableID>46005D4C-2C0F-1440-BAF7-367796FADAAF</referredTableID>
<keyObject>37F0E7BF-162C-E29F-02C2-F462709E9023</keyObject>
<referredKeyID>37F0E7BF-162C-E29F-02C2-F462709E9023</referredKeyID>
<mandatory>true</mandatory>
<refColNames>gtin,cuenta_id</refColNames>
<transferable>true</transferable>
<rely>false</rely>
<columnDependencyConstraintGenerateInDDL>true</columnDependencyConstraintGenerateInDDL>
</FKIndexAssociation>