<?xml version = '1.0' encoding = 'UTF-8'?>
<FKIndexAssociation class="oracle.dbtools.crest.model.design.relational.FKIndexAssociation" directorySegmentName="seg_0" id="A8CD6DBF-4406-5CB6-489C-3CDFE7FCF4DE" containerWithKeyObject="902D2E31-CA05-3300-DD08-CE224EBD034D" localFKIndex="B18382BD-39BC-EFAC-C61C-868DBB3ADFA1" name="categoria_activos_cuenta_fk">
<sourceDDLFile>diagrama.sql</sourceDDLFile>
<createdBy>Usuario</createdBy>
<createdTime>2025-04-04 19:06:13 UTC</createdTime>
<ownerDesignName>diagrama</ownerDesignName>
<importedID>71D937EE-D57A-BC1C-4296-CBBC3A36762D</importedID>
<referredTableLongName>cuenta</referredTableLongName>
<deleteRule>NO ACTION</deleteRule>
<referredTableID>051029DF-7ACB-7B4E-7AC8-A438810849A8</referredTableID>
<keyObject>F2586E4B-5DEB-A84E-6A44-A2756BFA1785</keyObject>
<referredKeyID>F2586E4B-5DEB-A84E-6A44-A2756BFA1785</referredKeyID>
<mandatory>true</mandatory>
<refColNames>id</refColNames>
<transferable>true</transferable>
<rely>false</rely>
<columnDependencyConstraintGenerateInDDL>true</columnDependencyConstraintGenerateInDDL>
</FKIndexAssociation>