<?xml version = '1.0' encoding = 'UTF-8'?>
<FKIndexAssociation class="oracle.dbtools.crest.model.design.relational.FKIndexAssociation" directorySegmentName="seg_0" id="B4145DEC-772E-E64D-B2E5-DE7F679BB291" containerWithKeyObject="BEAC7CB3-7AD5-FFD1-E592-47658C3178B6" localFKIndex="0F7A725B-2068-06D7-4AD2-136629C48356" name="relation_16_activos_fk">
<sourceDDLFile>diagrama.sql</sourceDDLFile>
<createdBy>Usuario</createdBy>
<createdTime>2025-04-04 19:06:13 UTC</createdTime>
<ownerDesignName>diagrama</ownerDesignName>
<importedID>012EFB57-B1A7-0574-9420-9B52671292D7</importedID>
<referredTableLongName>activos</referredTableLongName>
<deleteRule>NO ACTION</deleteRule>
<referredTableID>F2CF5323-F7B0-4FD6-7943-CAFCA8FBD38C</referredTableID>
<keyObject>4DF0661A-300B-2266-1ECA-6B47A71AC45B</keyObject>
<referredKeyID>4DF0661A-300B-2266-1ECA-6B47A71AC45B</referredKeyID>
<mandatory>true</mandatory>
<refColNames>id,cuenta_id</refColNames>
<transferable>true</transferable>
<rely>false</rely>
<columnDependencyConstraintGenerateInDDL>true</columnDependencyConstraintGenerateInDDL>
</FKIndexAssociation>