<?xml version = '1.0' encoding = 'UTF-8'?>
<FKIndexAssociation class="oracle.dbtools.crest.model.design.relational.FKIndexAssociation" directorySegmentName="seg_0" id="BE06DC55-E665-7BB2-6029-C762DB858D44" containerWithKeyObject="F2CF5323-F7B0-4FD6-7943-CAFCA8FBD38C" localFKIndex="65F741B9-EB28-1718-D05B-4C3CDF5B24A2" name="activos_cuenta_fk">
<sourceDDLFile>diagrama.sql</sourceDDLFile>
<createdBy>Usuario</createdBy>
<createdTime>2025-04-04 19:06:13 UTC</createdTime>
<ownerDesignName>diagrama</ownerDesignName>
<importedID>9FC35103-8BDC-9858-BA08-8960981567EA</importedID>
<referredTableLongName>cuenta</referredTableLongName>
<deleteRule>NO ACTION</deleteRule>
<referredTableID>051029DF-7ACB-7B4E-7AC8-A438810849A8</referredTableID>
<keyObject>F2586E4B-5DEB-A84E-6A44-A2756BFA1785</keyObject>
<referredKeyID>F2586E4B-5DEB-A84E-6A44-A2756BFA1785</referredKeyID>
<mandatory>true</mandatory>
<refColNames>id</refColNames>
<transferable>true</transferable>
<rely>false</rely>
<columnDependencyConstraintGenerateInDDL>true</columnDependencyConstraintGenerateInDDL>
</FKIndexAssociation>