<?xml version = '1.0' encoding = 'UTF-8'?>
<FKIndexAssociation class="oracle.dbtools.crest.model.design.relational.FKIndexAssociation" directorySegmentName="seg_0" id="E6823A89-6E42-4ABE-0129-D9B858F58396" containerWithKeyObject="0DF2A54A-F2BA-AAAA-A803-E49D2DC9A322" localFKIndex="22882505-8CDF-6195-A6B4-59A7F078E291" name="atributo_producto_producto_fk">
<sourceDDLFile>diagrama.sql</sourceDDLFile>
<createdBy>Usuario</createdBy>
<createdTime>2025-04-04 19:06:13 UTC</createdTime>
<ownerDesignName>diagrama</ownerDesignName>
<importedID>A370662D-02FA-F831-7914-0A1AD35FE0D2</importedID>
<referredTableLongName>producto</referredTableLongName>
<deleteRule>NO ACTION</deleteRule>
<referredTableID>46005D4C-2C0F-1440-BAF7-367796FADAAF</referredTableID>
<keyObject>37F0E7BF-162C-E29F-02C2-F462709E9023</keyObject>
<referredKeyID>37F0E7BF-162C-E29F-02C2-F462709E9023</referredKeyID>
<mandatory>true</mandatory>
<refColNames>gtin,cuenta_id</refColNames>
<transferable>true</transferable>
<rely>false</rely>
<columnDependencyConstraintGenerateInDDL>true</columnDependencyConstraintGenerateInDDL>
</FKIndexAssociation>