<?xml version = '1.0' encoding = 'UTF-8'?>
<FKIndexAssociation class="oracle.dbtools.crest.model.design.relational.FKIndexAssociation" directorySegmentName="seg_0" id="E8EA40BF-C342-6367-97FD-EC89E93A3D6F" containerWithKeyObject="051029DF-7ACB-7B4E-7AC8-A438810849A8" localFKIndex="76FB175B-C446-3C8C-348A-73D0B036C61B" name="cuenta_plan_fk">
<sourceDDLFile>diagrama.sql</sourceDDLFile>
<createdBy>Usuario</createdBy>
<createdTime>2025-04-04 19:06:13 UTC</createdTime>
<ownerDesignName>diagrama</ownerDesignName>
<importedID>90EE43CA-7458-6817-DADC-8A9839BAC480</importedID>
<referredTableLongName>plan</referredTableLongName>
<deleteRule>NO ACTION</deleteRule>
<referredTableID>E6D6C364-EEC4-B171-AEAE-2902C778211C</referredTableID>
<keyObject>090BF153-DA8A-E731-2B45-575DB48B22FE</keyObject>
<referredKeyID>090BF153-DA8A-E731-2B45-575DB48B22FE</referredKeyID>
<mandatory>true</mandatory>
<refColNames>id</refColNames>
<transferable>true</transferable>
<rely>false</rely>
<columnDependencyConstraintGenerateInDDL>true</columnDependencyConstraintGenerateInDDL>
</FKIndexAssociation>