<?xml version = '1.0' encoding = 'UTF-8'?>
<FKIndexAssociation class="oracle.dbtools.crest.model.design.relational.FKIndexAssociation" directorySegmentName="seg_0" id="ED77CFD6-740A-296E-0545-645D2E7DA3F5" containerWithKeyObject="D8032753-C7B9-FAA1-9CCA-56B7A14062F3" localFKIndex="3019A27F-1A11-A3B2-E2AF-24DB9120550E" name="categorÃ­a_cuenta_fk">
<sourceDDLFile>diagrama.sql</sourceDDLFile>
<createdBy>Usuario</createdBy>
<createdTime>2025-04-04 19:06:13 UTC</createdTime>
<ownerDesignName>diagrama</ownerDesignName>
<importedID>D1FEE739-F0AD-7FE9-D4D4-31841184B14B</importedID>
<referredTableLongName>cuenta</referredTableLongName>
<deleteRule>NO ACTION</deleteRule>
<referredTableID>051029DF-7ACB-7B4E-7AC8-A438810849A8</referredTableID>
<keyObject>F2586E4B-5DEB-A84E-6A44-A2756BFA1785</keyObject>
<referredKeyID>F2586E4B-5DEB-A84E-6A44-A2756BFA1785</referredKeyID>
<mandatory>true</mandatory>
<refColNames>id</refColNames>
<transferable>true</transferable>
<rely>false</rely>
<columnDependencyConstraintGenerateInDDL>true</columnDependencyConstraintGenerateInDDL>
</FKIndexAssociation>