<?xml version = '1.0' encoding = 'UTF-8'?>
<FKIndexAssociation class="oracle.dbtools.crest.model.design.relational.FKIndexAssociation" directorySegmentName="seg_0" id="EF312374-F9F5-33E8-4CB0-1304FC6BE158" containerWithKeyObject="46005D4C-2C0F-1440-BAF7-367796FADAAF" localFKIndex="4CE6C9D8-B97D-8D6B-D329-FB0BA7508F4F" name="producto_cuenta_fk">
<sourceDDLFile>diagrama.sql</sourceDDLFile>
<createdBy>Usuario</createdBy>
<createdTime>2025-04-04 19:06:13 UTC</createdTime>
<ownerDesignName>diagrama</ownerDesignName>
<importedID>407C924C-B194-F6BA-ACFF-4BEAFA2907DE</importedID>
<referredTableLongName>cuenta</referredTableLongName>
<deleteRule>NO ACTION</deleteRule>
<referredTableID>051029DF-7ACB-7B4E-7AC8-A438810849A8</referredTableID>
<keyObject>F2586E4B-5DEB-A84E-6A44-A2756BFA1785</keyObject>
<referredKeyID>F2586E4B-5DEB-A84E-6A44-A2756BFA1785</referredKeyID>
<mandatory>true</mandatory>
<refColNames>id</refColNames>
<transferable>true</transferable>
<rely>false</rely>
<columnDependencyConstraintGenerateInDDL>true</columnDependencyConstraintGenerateInDDL>
</FKIndexAssociation>