<?xml version = '1.0' encoding = 'UTF-8'?>
<FKIndexAssociation class="oracle.dbtools.crest.model.design.relational.FKIndexAssociation" directorySegmentName="seg_0" id="FEC9BBDD-3946-EF19-F953-8A044307AC0E" containerWithKeyObject="B82B251A-FAEA-39D0-0EAF-7BB62ECD621F" localFKIndex="4058138E-C2C9-0032-2EA0-11167101D87A" name="relacionado_producto_fkv1">
<sourceDDLFile>diagrama.sql</sourceDDLFile>
<createdBy>Usuario</createdBy>
<createdTime>2025-04-04 19:06:13 UTC</createdTime>
<ownerDesignName>diagrama</ownerDesignName>
<importedID>66B406EB-D0B5-0323-0BFC-13D293A452D7</importedID>
<referredTableLongName>producto</referredTableLongName>
<deleteRule>NO ACTION</deleteRule>
<referredTableID>46005D4C-2C0F-1440-BAF7-367796FADAAF</referredTableID>
<keyObject>37F0E7BF-162C-E29F-02C2-F462709E9023</keyObject>
<referredKeyID>37F0E7BF-162C-E29F-02C2-F462709E9023</referredKeyID>
<mandatory>true</mandatory>
<refColNames>gtin,cuenta_id</refColNames>
<transferable>true</transferable>
<rely>false</rely>
<columnDependencyConstraintGenerateInDDL>true</columnDependencyConstraintGenerateInDDL>
</FKIndexAssociation>