<?xml version = '1.0' encoding = 'UTF-8'?>
<Table class="oracle.dbtools.crest.model.design.relational.Table" directorySegmentName="seg_0" id="0BA73696-B88E-8C2D-F1B9-CDC76526170F" name="relation_7">
<sourceDDLFile>diagrama.sql</sourceDDLFile>
<createdBy>Usuario</createdBy>
<createdTime>2025-04-04 19:06:13 UTC</createdTime>
<ownerDesignName>diagrama</ownerDesignName>
<importedID>B5144B7C-1990-E691-2AEE-75414FAF096C</importedID>
<allowColumnReorder>false</allowColumnReorder>
<existDependencyGenerateInDDl>true</existDependencyGenerateInDDl>
<parsed>true</parsed>
<columns itemClass="oracle.dbtools.crest.model.design.relational.Column">
<Column name="producto_gtin" id="BD5482C6-2F57-CE1F-0494-24BC61AD0722">
<sourceDDLFile>diagrama.sql</sourceDDLFile>
<createdBy>Usuario</createdBy>
<createdTime>2025-04-04 19:06:13 UTC</createdTime>
<ownerDesignName>diagrama</ownerDesignName>
<importedID>6A95458C-D147-94F4-568C-D5EA5A6BEE9B</importedID>
<use>0</use>
<logicalDatatype>LOGDT019</logicalDatatype>
<domain>956BFE00-BF58-69B1-8CC6-AE9D833D81AB</domain>
<ownDataTypeParameters>,,</ownDataTypeParameters>
<autoIncrementCycle>false</autoIncrementCycle>
<associations>
<colAssociation fkAssociation="8DA907F0-7D1D-B8D5-3F2D-5E9C16155B49" referredColumn="FEA17BA3-8C45-2157-33F3-1714D8CCFB64"/>
</associations>
</Column>
<Column name="producto_cuenta_id" id="CEE09C15-5E3F-5F8D-315E-3B4CDC4F0125">
<sourceDDLFile>diagrama.sql</sourceDDLFile>
<createdBy>Usuario</createdBy>
<createdTime>2025-04-04 19:06:13 UTC</createdTime>
<ownerDesignName>diagrama</ownerDesignName>
<importedID>B4954A34-A23F-E26F-027A-C5D3281ADDDA</importedID>
<use>0</use>
<logicalDatatype>LOGDT011</logicalDatatype>
<domain>A247AEC6-A7B9-BDB9-845C-FE6D53EF236C</domain>
<ownDataTypeParameters>,,</ownDataTypeParameters>
<autoIncrementCycle>false</autoIncrementCycle>
<associations>
<colAssociation fkAssociation="8DA907F0-7D1D-B8D5-3F2D-5E9C16155B49" referredColumn="8966ABA7-ECDB-940B-1F50-D41F9B084BA8"/>
</associations>
</Column>
<Column name="categorÃ­a_id" id="9DD758DB-0AEB-94C8-E770-D49379A85DEC">
<sourceDDLFile>diagrama.sql</sourceDDLFile>
<createdBy>Usuario</createdBy>
<createdTime>2025-04-04 19:06:13 UTC</createdTime>
<ownerDesignName>diagrama</ownerDesignName>
<importedID>17CA5B39-4CD0-1FEF-9F33-C78A5B72E655</importedID>
<use>0</use>
<logicalDatatype>LOGDT011</logicalDatatype>
<domain>A247AEC6-A7B9-BDB9-845C-FE6D53EF236C</domain>
<ownDataTypeParameters>,,</ownDataTypeParameters>
<autoIncrementCycle>false</autoIncrementCycle>
<associations>
<colAssociation fkAssociation="D239D5F7-5272-80E5-53AC-77C36FECEDD9" referredColumn="ED41AFF1-DCF8-5F7C-8D1B-A356FB10F164"/>
</associations>
</Column>
<Column name="categorÃ­a_cuenta_id" id="4091FC27-5E8D-C132-155C-F748FBEE9EB9">
<sourceDDLFile>diagrama.sql</sourceDDLFile>
<createdBy>Usuario</createdBy>
<createdTime>2025-04-04 19:06:13 UTC</createdTime>
<ownerDesignName>diagrama</ownerDesignName>
<importedID>B6FFEA83-A395-5E58-76A0-5D051C624DD8</importedID>
<use>0</use>
<logicalDatatype>LOGDT011</logicalDatatype>
<domain>A247AEC6-A7B9-BDB9-845C-FE6D53EF236C</domain>
<ownDataTypeParameters>,,</ownDataTypeParameters>
<autoIncrementCycle>false</autoIncrementCycle>
<associations>
<colAssociation fkAssociation="D239D5F7-5272-80E5-53AC-77C36FECEDD9" referredColumn="6265E4BE-5018-4221-E643-765068150BBF"/>
</associations>
</Column>
</columns>
<indexes itemClass="oracle.dbtools.crest.model.design.relational.Index">
<ind_PK_UK id="A997F358-FAB3-2D05-4036-387C3C797ADC" name="relation_7_pk">
<sourceDDLFile>diagrama.sql</sourceDDLFile>
<createdBy>Usuario</createdBy>
<createdTime>2025-04-04 19:06:13 UTC</createdTime>
<ownerDesignName>diagrama</ownerDesignName>
<importedID>3DA0F00F-B684-3D4E-3CF9-EE62D4DF00CD</importedID>
<pk>true</pk>
<indexState>Primary Constraint</indexState>
<isSurrogateKey>false</isSurrogateKey>
<indexColumnUsage>
<colUsage columnID="BD5482C6-2F57-CE1F-0494-24BC61AD0722"/>
<colUsage columnID="CEE09C15-5E3F-5F8D-315E-3B4CDC4F0125"/>
<colUsage columnID="9DD758DB-0AEB-94C8-E770-D49379A85DEC"/>
<colUsage columnID="4091FC27-5E8D-C132-155C-F748FBEE9EB9"/>
</indexColumnUsage>
</ind_PK_UK>
<ind_PK_UK id="7CA7B4FC-C1E6-1CD8-C566-7577E21AB541" name="relation_7_categorÃ­a_fk">
<createdBy>Usuario</createdBy>
<createdTime>2025-04-04 19:06:13 UTC</createdTime>
<ownerDesignName>diagrama</ownerDesignName>
<indexState>Foreign Key</indexState>
<isSurrogateKey>false</isSurrogateKey>
<indexColumnUsage>
<colUsage columnID="9DD758DB-0AEB-94C8-E770-D49379A85DEC"/>
<colUsage columnID="4091FC27-5E8D-C132-155C-F748FBEE9EB9"/>
</indexColumnUsage>
</ind_PK_UK>
<ind_PK_UK id="97A618CD-5CE2-3446-F0F6-4A836DB20504" name="relation_7_producto_fk">
<createdBy>Usuario</createdBy>
<createdTime>2025-04-04 19:06:13 UTC</createdTime>
<ownerDesignName>diagrama</ownerDesignName>
<indexState>Foreign Key</indexState>
<isSurrogateKey>false</isSurrogateKey>
<indexColumnUsage>
<colUsage columnID="BD5482C6-2F57-CE1F-0494-24BC61AD0722"/>
<colUsage columnID="CEE09C15-5E3F-5F8D-315E-3B4CDC4F0125"/>
</indexColumnUsage>
</ind_PK_UK>
</indexes>
</Table>