<?xml version = '1.0' encoding = 'UTF-8'?>
<Table class="oracle.dbtools.crest.model.design.relational.Table" directorySegmentName="seg_0" id="3C45E7A4-330C-A03F-5C0E-A10FD9F5D4EC" name="relation_4">
<sourceDDLFile>diagrama.sql</sourceDDLFile>
<createdBy>Usuario</createdBy>
<createdTime>2025-04-04 19:06:13 UTC</createdTime>
<ownerDesignName>diagrama</ownerDesignName>
<importedID>BF46539A-54ED-82CA-F787-740150741BB2</importedID>
<allowColumnReorder>false</allowColumnReorder>
<existDependencyGenerateInDDl>true</existDependencyGenerateInDDl>
<parsed>true</parsed>
<columns itemClass="oracle.dbtools.crest.model.design.relational.Column">
<Column name="producto_gtin" id="E44406DC-BE7A-0063-50C1-DB5BF461B729">
<sourceDDLFile>diagrama.sql</sourceDDLFile>
<createdBy>Usuario</createdBy>
<createdTime>2025-04-04 19:06:13 UTC</createdTime>
<ownerDesignName>diagrama</ownerDesignName>
<importedID>364B85DC-C80D-7385-536A-F62CF0C51263</importedID>
<use>0</use>
<logicalDatatype>LOGDT019</logicalDatatype>
<domain>956BFE00-BF58-69B1-8CC6-AE9D833D81AB</domain>
<ownDataTypeParameters>,,</ownDataTypeParameters>
<autoIncrementCycle>false</autoIncrementCycle>
<associations>
<colAssociation fkAssociation="8ABCF3EF-DFA7-A4DC-17ED-CA74777DA6A0" referredColumn="FEA17BA3-8C45-2157-33F3-1714D8CCFB64"/>
</associations>
</Column>
<Column name="producto_cuenta_id" id="231D3E30-5BAD-AD8C-1AAF-2EF45E52EE33">
<sourceDDLFile>diagrama.sql</sourceDDLFile>
<createdBy>Usuario</createdBy>
<createdTime>2025-04-04 19:06:13 UTC</createdTime>
<ownerDesignName>diagrama</ownerDesignName>
<importedID>401C9869-F45E-1614-D2BC-8244D05D428A</importedID>
<use>0</use>
<logicalDatatype>LOGDT011</logicalDatatype>
<domain>A247AEC6-A7B9-BDB9-845C-FE6D53EF236C</domain>
<ownDataTypeParameters>,,</ownDataTypeParameters>
<autoIncrementCycle>false</autoIncrementCycle>
<associations>
<colAssociation fkAssociation="8ABCF3EF-DFA7-A4DC-17ED-CA74777DA6A0" referredColumn="8966ABA7-ECDB-940B-1F50-D41F9B084BA8"/>
</associations>
</Column>
<Column name="activos_id" id="B51D6005-4D3D-A785-EFB7-5FD275E8C572">
<sourceDDLFile>diagrama.sql</sourceDDLFile>
<createdBy>Usuario</createdBy>
<createdTime>2025-04-04 19:06:13 UTC</createdTime>
<ownerDesignName>diagrama</ownerDesignName>
<importedID>EFDDF6E7-BCD4-2FA3-D4BF-C5B3A1B35D7A</importedID>
<use>0</use>
<logicalDatatype>LOGDT011</logicalDatatype>
<domain>A247AEC6-A7B9-BDB9-845C-FE6D53EF236C</domain>
<ownDataTypeParameters>,,</ownDataTypeParameters>
<autoIncrementCycle>false</autoIncrementCycle>
<associations>
<colAssociation fkAssociation="1AC3F66B-1C8D-1E28-3EF4-A3E60EBFDF00" referredColumn="4EDB7FAE-BDC3-99A7-5E50-48C011B70C1F"/>
</associations>
</Column>
<Column name="activos_cuenta_id" id="1AF4AF30-13A4-0877-CB34-70F3F7DFE14C">
<sourceDDLFile>diagrama.sql</sourceDDLFile>
<createdBy>Usuario</createdBy>
<createdTime>2025-04-04 19:06:13 UTC</createdTime>
<ownerDesignName>diagrama</ownerDesignName>
<importedID>1643CE1B-E782-BCBE-4D7A-1370A88387F0</importedID>
<use>0</use>
<logicalDatatype>LOGDT011</logicalDatatype>
<domain>A247AEC6-A7B9-BDB9-845C-FE6D53EF236C</domain>
<ownDataTypeParameters>,,</ownDataTypeParameters>
<autoIncrementCycle>false</autoIncrementCycle>
<associations>
<colAssociation fkAssociation="1AC3F66B-1C8D-1E28-3EF4-A3E60EBFDF00" referredColumn="8412CC2A-5FB7-8622-BFFF-4551E337B03D"/>
</associations>
</Column>
</columns>
<indexes itemClass="oracle.dbtools.crest.model.design.relational.Index">
<ind_PK_UK id="5D93C69E-6109-62B1-11EA-276C2130B749" name="relation_4_pk">
<sourceDDLFile>diagrama.sql</sourceDDLFile>
<createdBy>Usuario</createdBy>
<createdTime>2025-04-04 19:06:13 UTC</createdTime>
<ownerDesignName>diagrama</ownerDesignName>
<importedID>13532A7B-A6E4-FC02-A017-975956DC79C4</importedID>
<pk>true</pk>
<indexState>Primary Constraint</indexState>
<isSurrogateKey>false</isSurrogateKey>
<indexColumnUsage>
<colUsage columnID="E44406DC-BE7A-0063-50C1-DB5BF461B729"/>
<colUsage columnID="231D3E30-5BAD-AD8C-1AAF-2EF45E52EE33"/>
<colUsage columnID="B51D6005-4D3D-A785-EFB7-5FD275E8C572"/>
<colUsage columnID="1AF4AF30-13A4-0877-CB34-70F3F7DFE14C"/>
</indexColumnUsage>
</ind_PK_UK>
<ind_PK_UK id="0CDA9A2B-F9CC-BCB8-47DE-BC98F07B1A94" name="relation_4_activos_fk">
<createdBy>Usuario</createdBy>
<createdTime>2025-04-04 19:06:13 UTC</createdTime>
<ownerDesignName>diagrama</ownerDesignName>
<indexState>Foreign Key</indexState>
<isSurrogateKey>false</isSurrogateKey>
<indexColumnUsage>
<colUsage columnID="B51D6005-4D3D-A785-EFB7-5FD275E8C572"/>
<colUsage columnID="1AF4AF30-13A4-0877-CB34-70F3F7DFE14C"/>
</indexColumnUsage>
</ind_PK_UK>
<ind_PK_UK id="DBA67283-315B-7CF2-1878-DEA765447E09" name="relation_4_producto_fk">
<createdBy>Usuario</createdBy>
<createdTime>2025-04-04 19:06:13 UTC</createdTime>
<ownerDesignName>diagrama</ownerDesignName>
<indexState>Foreign Key</indexState>
<isSurrogateKey>false</isSurrogateKey>
<indexColumnUsage>
<colUsage columnID="E44406DC-BE7A-0063-50C1-DB5BF461B729"/>
<colUsage columnID="231D3E30-5BAD-AD8C-1AAF-2EF45E52EE33"/>
</indexColumnUsage>
</ind_PK_UK>
</indexes>
</Table>