<?xml version = '1.0' encoding = 'UTF-8'?>
<Table class="oracle.dbtools.crest.model.design.relational.Table" directorySegmentName="seg_0" id="46005D4C-2C0F-1440-BAF7-367796FADAAF" name="producto">
<sourceDDLFile>diagrama.sql</sourceDDLFile>
<createdBy>Usuario</createdBy>
<createdTime>2025-04-04 19:06:13 UTC</createdTime>
<ownerDesignName>diagrama</ownerDesignName>
<importedID>0E8643BD-36DC-5715-9949-E983B0D63EDF</importedID>
<allowColumnReorder>false</allowColumnReorder>
<existDependencyGenerateInDDl>true</existDependencyGenerateInDDl>
<parsed>true</parsed>
<columns itemClass="oracle.dbtools.crest.model.design.relational.Column">
<Column name="gtin" id="FEA17BA3-8C45-2157-33F3-1714D8CCFB64">
<sourceDDLFile>diagrama.sql</sourceDDLFile>
<createdBy>Usuario</createdBy>
<createdTime>2025-04-04 19:06:13 UTC</createdTime>
<ownerDesignName>diagrama</ownerDesignName>
<importedID>6D676596-DC55-6486-B94D-7CBF49A710FA</importedID>
<use>0</use>
<logicalDatatype>LOGDT019</logicalDatatype>
<domain>956BFE00-BF58-69B1-8CC6-AE9D833D81AB</domain>
<ownDataTypeParameters>,,</ownDataTypeParameters>
<autoIncrementCycle>false</autoIncrementCycle>
</Column>
<Column name="sku" id="15382DCD-B726-C651-E75E-0DB5154668CD">
<sourceDDLFile>diagrama.sql</sourceDDLFile>
<createdBy>Usuario</createdBy>
<createdTime>2025-04-04 19:06:13 UTC</createdTime>
<ownerDesignName>diagrama</ownerDesignName>
<importedID>7A34B372-0E66-4961-50D7-0493EBC09422</importedID>
<use>0</use>
<logicalDatatype>LOGDT024</logicalDatatype>
<domain>C6B27EF9-B19B-4DC3-0AB4-93A6544B1702</domain>
<ownDataTypeParameters>,,</ownDataTypeParameters>
<autoIncrementCycle>false</autoIncrementCycle>
</Column>
<Column name="nombre" id="265B486C-30D7-F98B-1B8B-E17DD8DC1EC5">
<sourceDDLFile>diagrama.sql</sourceDDLFile>
<createdBy>Usuario</createdBy>
<createdTime>2025-04-04 19:06:13 UTC</createdTime>
<ownerDesignName>diagrama</ownerDesignName>
<importedID>6A795C78-005E-912F-05F3-A6830968B198</importedID>
<use>0</use>
<logicalDatatype>LOGDT024</logicalDatatype>
<domain>DB931ED2-0477-9B9C-C659-81F6FCDA38F4</domain>
<ownDataTypeParameters>,,</ownDataTypeParameters>
<autoIncrementCycle>false</autoIncrementCycle>
</Column>
<Column name="miniatura" id="F13D035E-2572-944E-1973-B7AC80BB8925">
<sourceDDLFile>diagrama.sql</sourceDDLFile>
<createdBy>Usuario</createdBy>
<createdTime>2025-04-04 19:06:13 UTC</createdTime>
<ownerDesignName>diagrama</ownerDesignName>
<importedID>DCAA33C9-1FE2-FCE8-5491-36E660B11C56</importedID>
<nullsAllowed>true</nullsAllowed>
<use>0</use>
<logicalDatatype>LOGDT024</logicalDatatype>
<domain>C6B27EF9-B19B-4DC3-0AB4-93A6544B1702</domain>
<ownDataTypeParameters>,,</ownDataTypeParameters>
<autoIncrementCycle>false</autoIncrementCycle>
</Column>
<Column name="textocorto" id="FEFCD324-939E-C25D-4838-5517BBB1C95A">
<sourceDDLFile>diagrama.sql</sourceDDLFile>
<createdBy>Usuario</createdBy>
<createdTime>2025-04-04 19:06:13 UTC</createdTime>
<ownerDesignName>diagrama</ownerDesignName>
<importedID>1DAD8D7F-B40D-6D8B-5F59-835BB047EF06</importedID>
<nullsAllowed>true</nullsAllowed>
<use>0</use>
<logicalDatatype>LOGDT024</logicalDatatype>
<domain>C6B27EF9-B19B-4DC3-0AB4-93A6544B1702</domain>
<ownDataTypeParameters>,,</ownDataTypeParameters>
<autoIncrementCycle>false</autoIncrementCycle>
</Column>
<Column name="creado" id="7A7B4CB5-292A-7453-9A69-9915F3B6087A">
<sourceDDLFile>diagrama.sql</sourceDDLFile>
<createdBy>Usuario</createdBy>
<createdTime>2025-04-04 19:06:13 UTC</createdTime>
<ownerDesignName>diagrama</ownerDesignName>
<importedID>00B44AC3-B366-F7B0-D04E-FF74C087F03B</importedID>
<nullsAllowed>true</nullsAllowed>
<use>0</use>
<logicalDatatype>LOGDT007</logicalDatatype>
<domain>4C837798-8403-6D02-4692-B03904B98441</domain>
<ownDataTypeParameters>,,</ownDataTypeParameters>
<autoIncrementCycle>false</autoIncrementCycle>
</Column>
<Column name="modificado" id="3EE3CEB0-7258-B3B5-6D51-670BE7CB1CB7">
<sourceDDLFile>diagrama.sql</sourceDDLFile>
<createdBy>Usuario</createdBy>
<createdTime>2025-04-04 19:06:13 UTC</createdTime>
<ownerDesignName>diagrama</ownerDesignName>
<importedID>9DECE0B6-C0ED-851A-FA92-F8AA23F5F556</importedID>
<nullsAllowed>true</nullsAllowed>
<use>0</use>
<logicalDatatype>LOGDT007</logicalDatatype>
<domain>4C837798-8403-6D02-4692-B03904B98441</domain>
<ownDataTypeParameters>,,</ownDataTypeParameters>
<autoIncrementCycle>false</autoIncrementCycle>
</Column>
<Column name="cuenta_id" id="8966ABA7-ECDB-940B-1F50-D41F9B084BA8">
<sourceDDLFile>diagrama.sql</sourceDDLFile>
<createdBy>Usuario</createdBy>
<createdTime>2025-04-04 19:06:13 UTC</createdTime>
<ownerDesignName>diagrama</ownerDesignName>
<importedID>6883FE34-BC95-C27F-B801-C5C4FFDD36B8</importedID>
<use>0</use>
<logicalDatatype>LOGDT011</logicalDatatype>
<domain>A247AEC6-A7B9-BDB9-845C-FE6D53EF236C</domain>
<ownDataTypeParameters>,,</ownDataTypeParameters>
<autoIncrementCycle>false</autoIncrementCycle>
<associations>
<colAssociation fkAssociation="EF312374-F9F5-33E8-4CB0-1304FC6BE158" referredColumn="A9157F3C-9140-0F9B-6099-CBDB4E94E5EA"/>
</associations>
</Column>
</columns>
<indexes itemClass="oracle.dbtools.crest.model.design.relational.Index">
<ind_PK_UK id="37F0E7BF-162C-E29F-02C2-F462709E9023" name="producto_pk">
<sourceDDLFile>diagrama.sql</sourceDDLFile>
<createdBy>Usuario</createdBy>
<createdTime>2025-04-04 19:06:13 UTC</createdTime>
<ownerDesignName>diagrama</ownerDesignName>
<importedID>158ECEF3-39F9-236A-C309-F7FF85D846D0</importedID>
<pk>true</pk>
<indexState>Primary Constraint</indexState>
<isSurrogateKey>false</isSurrogateKey>
<indexColumnUsage>
<colUsage columnID="FEA17BA3-8C45-2157-33F3-1714D8CCFB64"/>
<colUsage columnID="8966ABA7-ECDB-940B-1F50-D41F9B084BA8"/>
</indexColumnUsage>
</ind_PK_UK>
<ind_PK_UK id="4CE6C9D8-B97D-8D6B-D329-FB0BA7508F4F" name="producto_cuenta_fk">
<createdBy>Usuario</createdBy>
<createdTime>2025-04-04 19:06:13 UTC</createdTime>
<ownerDesignName>diagrama</ownerDesignName>
<indexState>Foreign Key</indexState>
<isSurrogateKey>false</isSurrogateKey>
<indexColumnUsage>
<colUsage columnID="8966ABA7-ECDB-940B-1F50-D41F9B084BA8"/>
</indexColumnUsage>
</ind_PK_UK>
</indexes>
</Table>