<?xml version = '1.0' encoding = 'UTF-8'?>
<Relation class="oracle.dbtools.crest.model.design.logical.Relation" name="relation_7_categorÃ­a_fk" directorySegmentName="seg_0" id="090455A3-359D-C972-7582-32BFAFE3DC70">
<createdBy>Usuario</createdBy>
<createdTime>2025-04-04 19:06:18 UTC</createdTime>
<generatorID>D239D5F7-5272-80E5-53AC-77C36FECEDD9</generatorID>
<ownerDesignName>diagrama</ownerDesignName>
<engineerTo>
<item key="66921927-5BD4-5B09-809C-94BD9D14A286" value="true"/>
</engineerTo>
<sourcePk>A19E05B6-CA34-52D8-C16D-77285BDABF20</sourcePk>
<identifying>true</identifying>
<optionalSource>true</optionalSource>
<optionalTarget>false</optionalTarget>
<sourceCardinality>1</sourceCardinality>
<sourceEntity>40F3F655-7003-9A82-522F-B8EF74BD8913</sourceEntity>
<targetCardinalityString>*</targetCardinalityString>
<targetEntity>B06F0E4D-8D04-9893-509D-21757BA6C4B0</targetEntity>
<transferable>true</transferable>
<deleteRule>NO ACTION</deleteRule>
</Relation>