<?xml version = '1.0' encoding = 'UTF-8'?>
<Relation class="oracle.dbtools.crest.model.design.logical.Relation" name="usuario_cuenta_fk" directorySegmentName="seg_0" id="0B39FD3D-1989-7579-F28A-8D1181BA10A9">
<createdBy>Usuario</createdBy>
<createdTime>2025-04-04 19:06:18 UTC</createdTime>
<generatorID>20E8B84A-F4EF-826E-9416-0E5DA487FEA2</generatorID>
<ownerDesignName>diagrama</ownerDesignName>
<engineerTo>
<item key="66921927-5BD4-5B09-809C-94BD9D14A286" value="true"/>
</engineerTo>
<sourcePk>37EBCD65-31CC-C674-F87C-B0FAA21E5308</sourcePk>
<identifying>false</identifying>
<optionalSource>true</optionalSource>
<optionalTarget>false</optionalTarget>
<sourceCardinality>1</sourceCardinality>
<sourceEntity>A7316746-A7B8-E2F4-19C8-0EF07725AF15</sourceEntity>
<targetCardinalityString>*</targetCardinalityString>
<targetEntity>8B179FFE-3E05-7C94-A0C6-80BFAE01BA0D</targetEntity>
<transferable>true</transferable>
<deleteRule>NO ACTION</deleteRule>
</Relation>