<?xml version = '1.0' encoding = 'UTF-8'?>
<Relation class="oracle.dbtools.crest.model.design.logical.Relation" name="relation_7_producto_fk" directorySegmentName="seg_0" id="0D630630-1A05-4A73-F67C-D7C061A84782">
<createdBy>Usuario</createdBy>
<createdTime>2025-04-04 19:06:18 UTC</createdTime>
<generatorID>8DA907F0-7D1D-B8D5-3F2D-5E9C16155B49</generatorID>
<ownerDesignName>diagrama</ownerDesignName>
<engineerTo>
<item key="66921927-5BD4-5B09-809C-94BD9D14A286" value="true"/>
</engineerTo>
<sourcePk>B51622AE-5249-3F4A-9292-48D2F58302D0</sourcePk>
<identifying>true</identifying>
<optionalSource>true</optionalSource>
<optionalTarget>false</optionalTarget>
<sourceCardinality>1</sourceCardinality>
<sourceEntity>5B5F92D0-31DA-ABF5-2921-300CD2114FC4</sourceEntity>
<targetCardinalityString>*</targetCardinalityString>
<targetEntity>B06F0E4D-8D04-9893-509D-21757BA6C4B0</targetEntity>
<transferable>true</transferable>
<deleteRule>NO ACTION</deleteRule>
</Relation>