<?xml version = '1.0' encoding = 'UTF-8'?>
<Relation class="oracle.dbtools.crest.model.design.logical.Relation" name="categorÃ­a_cuenta_fk" directorySegmentName="seg_0" id="1FF3E0DF-0868-FF28-C16A-EDA35C49242A">
<createdBy>Usuario</createdBy>
<createdTime>2025-04-04 19:06:18 UTC</createdTime>
<generatorID>ED77CFD6-740A-296E-0545-645D2E7DA3F5</generatorID>
<ownerDesignName>diagrama</ownerDesignName>
<engineerTo>
<item key="66921927-5BD4-5B09-809C-94BD9D14A286" value="true"/>
</engineerTo>
<sourcePk>37EBCD65-31CC-C674-F87C-B0FAA21E5308</sourcePk>
<identifying>true</identifying>
<optionalSource>true</optionalSource>
<optionalTarget>false</optionalTarget>
<sourceCardinality>1</sourceCardinality>
<sourceEntity>A7316746-A7B8-E2F4-19C8-0EF07725AF15</sourceEntity>
<targetCardinalityString>*</targetCardinalityString>
<targetEntity>40F3F655-7003-9A82-522F-B8EF74BD8913</targetEntity>
<transferable>true</transferable>
<deleteRule>NO ACTION</deleteRule>
</Relation>