<?xml version = '1.0' encoding = 'UTF-8'?>
<Relation class="oracle.dbtools.crest.model.design.logical.Relation" name="categoria_activos_cuenta_fk" directorySegmentName="seg_0" id="323951D2-0A7F-2F71-1ADE-F8C1E1AADD86">
<createdBy>Usuario</createdBy>
<createdTime>2025-04-04 19:06:18 UTC</createdTime>
<generatorID>A8CD6DBF-4406-5CB6-489C-3CDFE7FCF4DE</generatorID>
<ownerDesignName>diagrama</ownerDesignName>
<engineerTo>
<item key="66921927-5BD4-5B09-809C-94BD9D14A286" value="true"/>
</engineerTo>
<sourcePk>37EBCD65-31CC-C674-F87C-B0FAA21E5308</sourcePk>
<identifying>true</identifying>
<optionalSource>true</optionalSource>
<optionalTarget>false</optionalTarget>
<sourceCardinality>1</sourceCardinality>
<sourceEntity>A7316746-A7B8-E2F4-19C8-0EF07725AF15</sourceEntity>
<targetCardinalityString>*</targetCardinalityString>
<targetEntity>D9977ADA-50E9-8D34-A960-0DA5506E0DF6</targetEntity>
<transferable>true</transferable>
<deleteRule>NO ACTION</deleteRule>
</Relation>