<?xml version = '1.0' encoding = 'UTF-8'?>
<Relation class="oracle.dbtools.crest.model.design.logical.Relation" name="activos_cuenta_fk" directorySegmentName="seg_0" id="72B02A5E-E972-EB37-A7EA-07CDCFAFB6C7">
<createdBy>Usuario</createdBy>
<createdTime>2025-04-04 19:06:18 UTC</createdTime>
<generatorID>BE06DC55-E665-7BB2-6029-C762DB858D44</generatorID>
<ownerDesignName>diagrama</ownerDesignName>
<engineerTo>
<item key="66921927-5BD4-5B09-809C-94BD9D14A286" value="true"/>
</engineerTo>
<sourcePk>37EBCD65-31CC-C674-F87C-B0FAA21E5308</sourcePk>
<identifying>true</identifying>
<optionalSource>true</optionalSource>
<optionalTarget>false</optionalTarget>
<sourceCardinality>1</sourceCardinality>
<sourceEntity>A7316746-A7B8-E2F4-19C8-0EF07725AF15</sourceEntity>
<targetCardinalityString>*</targetCardinalityString>
<targetEntity>C4393DFB-606D-1533-5DE6-07A846C22867</targetEntity>
<transferable>true</transferable>
<deleteRule>NO ACTION</deleteRule>
</Relation>