<?xml version = '1.0' encoding = 'UTF-8'?>
<Relation class="oracle.dbtools.crest.model.design.logical.Relation" name="cuenta_usuario_fk" directorySegmentName="seg_0" id="76B665BF-F732-3CDE-0D84-D7F4D64FA7E1">
<createdBy>Usuario</createdBy>
<createdTime>2025-04-04 19:06:18 UTC</createdTime>
<generatorID>CF35EA95-D0E3-A50E-5B1F-24E2DCDFC826</generatorID>
<ownerDesignName>diagrama</ownerDesignName>
<engineerTo>
<item key="66921927-5BD4-5B09-809C-94BD9D14A286" value="true"/>
</engineerTo>
<sourcePk>4687E5F3-5829-CF64-9CA2-52FDC434721E</sourcePk>
<dominantRole>8B179FFE-3E05-7C94-A0C6-80BFAE01BA0D</dominantRole>
<identifying>false</identifying>
<optionalSource>true</optionalSource>
<optionalTarget>true</optionalTarget>
<sourceCardinality>1</sourceCardinality>
<sourceEntity>8B179FFE-3E05-7C94-A0C6-80BFAE01BA0D</sourceEntity>
<targetCardinalityString>1</targetCardinalityString>
<targetEntity>A7316746-A7B8-E2F4-19C8-0EF07725AF15</targetEntity>
<transferable>true</transferable>
<deleteRule>NO ACTION</deleteRule>
</Relation>