<?xml version = '1.0' encoding = 'UTF-8'?>
<Relation class="oracle.dbtools.crest.model.design.logical.Relation" name="relation_4_activos_fk" directorySegmentName="seg_0" id="8ED2863D-3475-CBC8-57B5-DE8E28955E62">
<createdBy>Usuario</createdBy>
<createdTime>2025-04-04 19:06:18 UTC</createdTime>
<generatorID>1AC3F66B-1C8D-1E28-3EF4-A3E60EBFDF00</generatorID>
<ownerDesignName>diagrama</ownerDesignName>
<engineerTo>
<item key="66921927-5BD4-5B09-809C-94BD9D14A286" value="true"/>
</engineerTo>
<sourcePk>BA24BC2E-CE69-E804-00F0-002E0054E57B</sourcePk>
<identifying>true</identifying>
<optionalSource>true</optionalSource>
<optionalTarget>false</optionalTarget>
<sourceCardinality>1</sourceCardinality>
<sourceEntity>C4393DFB-606D-1533-5DE6-07A846C22867</sourceEntity>
<targetCardinalityString>*</targetCardinalityString>
<targetEntity>AD6D8FB6-EE69-CBAE-D466-AA139550E46E</targetEntity>
<transferable>true</transferable>
<deleteRule>NO ACTION</deleteRule>
</Relation>