<?xml version = '1.0' encoding = 'UTF-8'?>
<Relation class="oracle.dbtools.crest.model.design.logical.Relation" name="atributo_producto_atributos_fk" directorySegmentName="seg_0" id="93D648EA-E5B3-14C8-8014-FE11FC52643E">
<createdBy>Usuario</createdBy>
<createdTime>2025-04-04 19:06:18 UTC</createdTime>
<generatorID>0A979075-24AD-4AF9-058A-9B5F47FFC3AB</generatorID>
<ownerDesignName>diagrama</ownerDesignName>
<engineerTo>
<item key="66921927-5BD4-5B09-809C-94BD9D14A286" value="true"/>
</engineerTo>
<sourcePk>FA8055AF-C2CA-FA0E-C77A-02DC57A2B987</sourcePk>
<identifying>true</identifying>
<optionalSource>true</optionalSource>
<optionalTarget>false</optionalTarget>
<sourceCardinality>1</sourceCardinality>
<sourceEntity>0F8060CA-22B9-9BA2-638A-94A4EFE65435</sourceEntity>
<targetCardinalityString>*</targetCardinalityString>
<targetEntity>AFE00343-9497-9498-89ED-8F1EAC46911A</targetEntity>
<transferable>true</transferable>
<deleteRule>NO ACTION</deleteRule>
</Relation>