<?xml version = '1.0' encoding = 'UTF-8'?>
<Relation class="oracle.dbtools.crest.model.design.logical.Relation" name="relation_16_activos_fk" directorySegmentName="seg_0" id="A2E723B5-8001-551B-36EB-186F2FBD972D">
<createdBy>Usuario</createdBy>
<createdTime>2025-04-04 19:06:18 UTC</createdTime>
<generatorID>B4145DEC-772E-E64D-B2E5-DE7F679BB291</generatorID>
<ownerDesignName>diagrama</ownerDesignName>
<engineerTo>
<item key="66921927-5BD4-5B09-809C-94BD9D14A286" value="true"/>
</engineerTo>
<sourcePk>BA24BC2E-CE69-E804-00F0-002E0054E57B</sourcePk>
<identifying>true</identifying>
<optionalSource>true</optionalSource>
<optionalTarget>false</optionalTarget>
<sourceCardinality>1</sourceCardinality>
<sourceEntity>C4393DFB-606D-1533-5DE6-07A846C22867</sourceEntity>
<targetCardinalityString>*</targetCardinalityString>
<targetEntity>FB81B60D-EE30-9666-5464-5981DAC63915</targetEntity>
<transferable>true</transferable>
<deleteRule>NO ACTION</deleteRule>
</Relation>