<?xml version = '1.0' encoding = 'UTF-8'?>
<Relation class="oracle.dbtools.crest.model.design.logical.Relation" name="relacionado_producto_fk" directorySegmentName="seg_0" id="A82E9140-8557-5AD3-BB07-E816E33E0E8C">
<createdBy>Usuario</createdBy>
<createdTime>2025-04-04 19:06:18 UTC</createdTime>
<generatorID>568B5C61-1183-720E-41FF-464C43C22D37</generatorID>
<ownerDesignName>diagrama</ownerDesignName>
<engineerTo>
<item key="66921927-5BD4-5B09-809C-94BD9D14A286" value="true"/>
</engineerTo>
<sourcePk>B51622AE-5249-3F4A-9292-48D2F58302D0</sourcePk>
<identifying>true</identifying>
<optionalSource>true</optionalSource>
<optionalTarget>false</optionalTarget>
<sourceCardinality>1</sourceCardinality>
<sourceEntity>5B5F92D0-31DA-ABF5-2921-300CD2114FC4</sourceEntity>
<targetCardinalityString>*</targetCardinalityString>
<targetEntity>2070BB80-8DF9-0DD4-C397-1BAB71A2A965</targetEntity>
<transferable>true</transferable>
<deleteRule>NO ACTION</deleteRule>
</Relation>