<?xml version = '1.0' encoding = 'UTF-8'?>
<TableProxyOraclev11g class="oracle.dbtools.crest.model.design.storage.oracle.v11g.TableProxyOraclev11g" name="categoria_activos" directorySegmentName="seg_0" id="902D2E31-CA05-3300-DD08-CE224EBD034D">
<createdBy>Usuario</createdBy>
<createdTime>2025-04-04 19:06:13 UTC</createdTime>
<ownerDesignName>diagrama</ownerDesignName>
<logging>YES</logging>
<partitionedRowMovement>DISABLE</partitionedRowMovement>
<temporaryChanged>false</temporaryChanged>
<accessDriverType>oracle_loader</accessDriverType>
<rejectLimit></rejectLimit>
<columnProxies itemClass="oracle.dbtools.crest.model.design.storage.oracle.v12c.ColumnProxyOraclev12c">
<ColumnProxy name="id" id="1A0DC5F4-B679-D5BE-F167-81B6EC53D45C">
<createdBy>Usuario</createdBy>
<createdTime>2025-04-04 19:06:13 UTC</createdTime>
<ownerDesignName>diagrama</ownerDesignName>
</ColumnProxy>
<ColumnProxy name="nombre" id="3897AD70-CA52-68B8-DCB4-ED3FD1FF5577">
<createdBy>Usuario</createdBy>
<createdTime>2025-04-04 19:06:13 UTC</createdTime>
<ownerDesignName>diagrama</ownerDesignName>
</ColumnProxy>
<ColumnProxy name="cuenta_id" id="DD8694CA-67F2-3BA0-095E-06A70C7B1557">
<createdBy>Usuario</createdBy>
<createdTime>2025-04-04 19:06:13 UTC</createdTime>
<ownerDesignName>diagrama</ownerDesignName>
</ColumnProxy>
</columnProxies>
<foreignKeys>
<ForeignKey class="oracle.dbtools.crest.model.design.storage.oracle.v10g.FKProxyOraclev10g" name="categoria_activos_cuenta_fk" id="B18382BD-39BC-EFAC-C61C-868DBB3ADFA1">
<createdBy>Usuario</createdBy>
<createdTime>2025-04-04 19:06:13 UTC</createdTime>
<ownerDesignName>diagrama</ownerDesignName>
</ForeignKey>
</foreignKeys>
<primaryKeys>
<PrimaryKey class="oracle.dbtools.crest.model.design.storage.oracle.v10g.PKProxyOraclev10g" name="categoria_activos_pk" id="80C7D6CE-1E99-E5D4-8784-7AF58DBAD008">
<createdBy>Usuario</createdBy>
<createdTime>2025-04-04 19:06:13 UTC</createdTime>
<ownerDesignName>diagrama</ownerDesignName>
<logging></logging>
<tableSpace>80CA8E6F-A774-B1A8-30D3-073EA37925AC</tableSpace>
<indexSort>SORTED</indexSort>
<usingIndex>BY INDEX NAME</usingIndex>
</PrimaryKey>
</primaryKeys>
</TableProxyOraclev11g>